﻿<?xml version="1.0" encoding="utf-8" ?>
<database>
    <country>
        <country_id>1001</country_id>
        <name>Afghanistan</name>
        <iso_code>AF</iso_code>
    </country>
    <country>
        <country_id>1002</country_id>
        <name>Albania</name>
        <iso_code>AL</iso_code>
    </country>
    <country>
        <country_id>1003</country_id>
        <name>Algeria</name>
        <iso_code>DZ</iso_code>
    </country>
    <country>
        <country_id>1004</country_id>
        <name>American Samoa</name>
        <iso_code>AS</iso_code>
    </country>
    <country>
        <country_id>1005</country_id>
        <name>Andorra</name>
        <iso_code>AD</iso_code>
    </country>
    <country>
        <country_id>1006</country_id>
        <name>Angola</name>
        <iso_code>AO</iso_code>
    </country>
    <country>
        <country_id>1007</country_id>
        <name>Anguilla</name>
        <iso_code>AI</iso_code>
    </country>
    <country>
        <country_id>1008</country_id>
        <name>Antarctica</name>
        <iso_code>AQ</iso_code>
    </country>
    <country>
        <country_id>1009</country_id>
        <name>Antigua and Barbuda</name>
        <iso_code>AG</iso_code>
    </country>
    <country>
        <country_id>1010</country_id>
        <name>Argentina</name>
        <iso_code>AR</iso_code>
    </country>
    <country>
        <country_id>1011</country_id>
        <name>Armenia</name>
        <iso_code>AM</iso_code>
    </country>
    <country>
        <country_id>1012</country_id>
        <name>Aruba</name>
        <iso_code>AW</iso_code>
    </country>
    <country>
        <country_id>1013</country_id>
        <name>Australia</name>
        <iso_code>AU</iso_code>
    </country>
    <country>
        <country_id>1014</country_id>
        <name>Austria</name>
        <iso_code>AT</iso_code>
    </country>
    <country>
        <country_id>1015</country_id>
        <name>Azerbaijan</name>
        <iso_code>AZ</iso_code>
    </country>
    <country>
        <country_id>1016</country_id>
        <name>Bahrain</name>
        <iso_code>BH</iso_code>
    </country>
    <country>
        <country_id>1017</country_id>
        <name>Bangladesh</name>
        <iso_code>BD</iso_code>
    </country>
    <country>
        <country_id>1018</country_id>
        <name>Barbados</name>
        <iso_code>BB</iso_code>
    </country>
    <country>
        <country_id>1019</country_id>
        <name>Belarus</name>
        <iso_code>BY</iso_code>
    </country>
    <country>
        <country_id>1020</country_id>
        <name>Belgium</name>
        <iso_code>BE</iso_code>
    </country>
    <country>
        <country_id>1021</country_id>
        <name>Belize</name>
        <iso_code>BZ</iso_code>
    </country>
    <country>
        <country_id>1022</country_id>
        <name>Benin</name>
        <iso_code>BJ</iso_code>
    </country>
    <country>
        <country_id>1023</country_id>
        <name>Bermuda</name>
        <iso_code>BM</iso_code>
    </country>
    <country>
        <country_id>1024</country_id>
        <name>Bhutan</name>
        <iso_code>BT</iso_code>
    </country>
    <country>
        <country_id>1025</country_id>
        <name>Bolivia</name>
        <iso_code>BO</iso_code>
    </country>
    <country>
        <country_id>1026</country_id>
        <name>Bosnia and Herzegovina</name>
        <iso_code>BA</iso_code>
    </country>
    <country>
        <country_id>1027</country_id>
        <name>Botswana</name>
        <iso_code>BW</iso_code>
    </country>
    <country>
        <country_id>1028</country_id>
        <name>Bouvet Island</name>
        <iso_code>BV</iso_code>
    </country>
    <country>
        <country_id>1029</country_id>
        <name>Brazil</name>
        <iso_code>BR</iso_code>
    </country>
    <country>
        <country_id>1030</country_id>
        <name>British Indian Ocean Territory</name>
        <iso_code>IO</iso_code>
    </country>
    <country>
        <country_id>1031</country_id>
        <name>Virgin Islands, British</name>
        <iso_code>VG</iso_code>
    </country>
    <country>
        <country_id>1032</country_id>
        <name>Brunei Darussalam</name>
        <iso_code>BN</iso_code>
    </country>
    <country>
        <country_id>1033</country_id>
        <name>Bulgaria</name>
        <iso_code>BG</iso_code>
    </country>
    <country>
        <country_id>1034</country_id>
        <name>Burkina Faso</name>
        <iso_code>BF</iso_code>
    </country>
    <country>
        <country_id>1035</country_id>
        <name>Myanmar</name>
        <iso_code>MM</iso_code>
    </country>
    <country>
        <country_id>1036</country_id>
        <name>Burundi</name>
        <iso_code>BI</iso_code>
    </country>
    <country>
        <country_id>1037</country_id>
        <name>Cambodia</name>
        <iso_code>KH</iso_code>
    </country>
    <country>
        <country_id>1038</country_id>
        <name>Cameroon</name>
        <iso_code>CM</iso_code>
    </country>
    <country>
        <country_id>1039</country_id>
        <name>Canada</name>
        <iso_code>CA</iso_code>
    </country>
    <country>
        <country_id>1040</country_id>
        <name>Cape Verde</name>
        <iso_code>CV</iso_code>
    </country>
    <country>
        <country_id>1041</country_id>
        <name>Cayman Islands</name>
        <iso_code>KY</iso_code>
    </country>
    <country>
        <country_id>1042</country_id>
        <name>Central African Republic</name>
        <iso_code>CF</iso_code>
    </country>
    <country>
        <country_id>1043</country_id>
        <name>Chad</name>
        <iso_code>TD</iso_code>
    </country>
    <country>
        <country_id>1044</country_id>
        <name>Chile</name>
        <iso_code>CL</iso_code>
    </country>
    <country>
        <country_id>1045</country_id>
        <name>China</name>
        <iso_code>CN</iso_code>
    </country>
    <country>
        <country_id>1046</country_id>
        <name>Christmas Island</name>
        <iso_code>CX</iso_code>
    </country>
    <country>
        <country_id>1047</country_id>
        <name>Cocos (Keeling) Islands</name>
        <iso_code>CC</iso_code>
    </country>
    <country>
        <country_id>1048</country_id>
        <name>Colombia</name>
        <iso_code>CO</iso_code>
    </country>
    <country>
        <country_id>1049</country_id>
        <name>Comoros</name>
        <iso_code>KM</iso_code>
    </country>
    <country>
        <country_id>1050</country_id>
        <name>Congo, The Democratic Republic of the</name>
        <iso_code>CD</iso_code>
    </country>
    <country>
        <country_id>1051</country_id>
        <name>Congo</name>
        <iso_code>CG</iso_code>
    </country>
    <country>
        <country_id>1052</country_id>
        <name>Cook Islands</name>
        <iso_code>CK</iso_code>
    </country>
    <country>
        <country_id>1053</country_id>
        <name>Costa Rica</name>
        <iso_code>CR</iso_code>
    </country>
    <country>
        <country_id>1054</country_id>
        <name>Côte d'Ivoire</name>
        <iso_code>CI</iso_code>
    </country>
    <country>
        <country_id>1055</country_id>
        <name>Croatia</name>
        <iso_code>HR</iso_code>
    </country>
    <country>
        <country_id>1056</country_id>
        <name>Cuba</name>
        <iso_code>CU</iso_code>
    </country>
    <country>
        <country_id>1057</country_id>
        <name>Cyprus</name>
        <iso_code>CY</iso_code>
    </country>
    <country>
        <country_id>1058</country_id>
        <name>Czech Republic</name>
        <iso_code>CZ</iso_code>
    </country>
    <country>
        <country_id>1059</country_id>
        <name>Denmark</name>
        <iso_code>DK</iso_code>
    </country>
    <country>
        <country_id>1060</country_id>
        <name>Djibouti</name>
        <iso_code>DJ</iso_code>
    </country>
    <country>
        <country_id>1061</country_id>
        <name>Dominica</name>
        <iso_code>DM</iso_code>
    </country>
    <country>
        <country_id>1062</country_id>
        <name>Dominican Republic</name>
        <iso_code>DO</iso_code>
    </country>
    <country>
        <country_id>1063</country_id>
        <name>Timor-Leste</name>
        <iso_code>TL</iso_code>
    </country>
    <country>
        <country_id>1064</country_id>
        <name>Ecuador</name>
        <iso_code>EC</iso_code>
    </country>
    <country>
        <country_id>1065</country_id>
        <name>Egypt</name>
        <iso_code>EG</iso_code>
    </country>
    <country>
        <country_id>1066</country_id>
        <name>El Salvador</name>
        <iso_code>SV</iso_code>
    </country>
    <country>
        <country_id>1067</country_id>
        <name>Equatorial Guinea</name>
        <iso_code>GQ</iso_code>
    </country>
    <country>
        <country_id>1068</country_id>
        <name>Eritrea</name>
        <iso_code>ER</iso_code>
    </country>
    <country>
        <country_id>1069</country_id>
        <name>Estonia</name>
        <iso_code>EE</iso_code>
    </country>
    <country>
        <country_id>1070</country_id>
        <name>Ethiopia</name>
        <iso_code>ET</iso_code>
    </country>
    <country>
        <country_id>1072</country_id>
        <name>Falkland Islands (Malvinas)</name>
        <iso_code>FK</iso_code>
    </country>
    <country>
        <country_id>1073</country_id>
        <name>Faroe Islands</name>
        <iso_code>FO</iso_code>
    </country>
    <country>
        <country_id>1074</country_id>
        <name>Fiji</name>
        <iso_code>FJ</iso_code>
    </country>
    <country>
        <country_id>1075</country_id>
        <name>Finland</name>
        <iso_code>FI</iso_code>
    </country>
    <country>
        <country_id>1076</country_id>
        <name>France</name>
        <iso_code>FR</iso_code>
    </country>
    <country>
        <country_id>1077</country_id>
        <name>French Guiana</name>
        <iso_code>GF</iso_code>
    </country>
    <country>
        <country_id>1078</country_id>
        <name>French Polynesia</name>
        <iso_code>PF</iso_code>
    </country>
    <country>
        <country_id>1079</country_id>
        <name>French Southern Territories</name>
        <iso_code>TF</iso_code>
    </country>
    <country>
        <country_id>1080</country_id>
        <name>Gabon</name>
        <iso_code>GA</iso_code>
    </country>
    <country>
        <country_id>1081</country_id>
        <name>Georgia</name>
        <iso_code>GE</iso_code>
    </country>
    <country>
        <country_id>1082</country_id>
        <name>Germany</name>
        <iso_code>DE</iso_code>
    </country>
    <country>
        <country_id>1083</country_id>
        <name>Ghana</name>
        <iso_code>GH</iso_code>
    </country>
    <country>
        <country_id>1084</country_id>
        <name>Gibraltar</name>
        <iso_code>GI</iso_code>
    </country>
    <country>
        <country_id>1085</country_id>
        <name>Greece</name>
        <iso_code>GR</iso_code>
    </country>
    <country>
        <country_id>1086</country_id>
        <name>Greenland</name>
        <iso_code>GL</iso_code>
    </country>
    <country>
        <country_id>1087</country_id>
        <name>Grenada</name>
        <iso_code>GD</iso_code>
    </country>
    <country>
        <country_id>1088</country_id>
        <name>Guadeloupe</name>
        <iso_code>GP</iso_code>
    </country>
    <country>
        <country_id>1089</country_id>
        <name>Guam</name>
        <iso_code>GU</iso_code>
    </country>
    <country>
        <country_id>1090</country_id>
        <name>Guatemala</name>
        <iso_code>GT</iso_code>
    </country>
    <country>
        <country_id>1091</country_id>
        <name>Guinea</name>
        <iso_code>GN</iso_code>
    </country>
    <country>
        <country_id>1092</country_id>
        <name>Guinea-Bissau</name>
        <iso_code>GW</iso_code>
    </country>
    <country>
        <country_id>1093</country_id>
        <name>Guyana</name>
        <iso_code>GY</iso_code>
    </country>
    <country>
        <country_id>1094</country_id>
        <name>Haiti</name>
        <iso_code>HT</iso_code>
    </country>
    <country>
        <country_id>1095</country_id>
        <name>Heard Island and McDonald Islands</name>
        <iso_code>HM</iso_code>
    </country>
    <country>
        <country_id>1096</country_id>
        <name>Holy See (Vatican City State)</name>
        <iso_code>VA</iso_code>
    </country>
    <country>
        <country_id>1097</country_id>
        <name>Honduras</name>
        <iso_code>HN</iso_code>
    </country>
    <country>
        <country_id>1098</country_id>
        <name>Hong Kong</name>
        <iso_code>HK</iso_code>
    </country>
    <country>
        <country_id>1099</country_id>
        <name>Hungary</name>
        <iso_code>HU</iso_code>
    </country>
    <country>
        <country_id>1100</country_id>
        <name>Iceland</name>
        <iso_code>IS</iso_code>
    </country>
    <country>
        <country_id>1101</country_id>
        <name>India</name>
        <iso_code>IN</iso_code>
    </country>
    <country>
        <country_id>1102</country_id>
        <name>Indonesia</name>
        <iso_code>ID</iso_code>
    </country>
    <country>
        <country_id>1103</country_id>
        <name>Iran, Islamic Republic of</name>
        <iso_code>IR</iso_code>
    </country>
    <country>
        <country_id>1104</country_id>
        <name>Iraq</name>
        <iso_code>IQ</iso_code>
    </country>
    <country>
        <country_id>1105</country_id>
        <name>Ireland</name>
        <iso_code>IE</iso_code>
    </country>
    <country>
        <country_id>1106</country_id>
        <name>Israel</name>
        <iso_code>IL</iso_code>
    </country>
    <country>
        <country_id>1107</country_id>
        <name>Italy</name>
        <iso_code>IT</iso_code>
    </country>
    <country>
        <country_id>1108</country_id>
        <name>Jamaica</name>
        <iso_code>JM</iso_code>
    </country>
    <country>
        <country_id>1109</country_id>
        <name>Japan</name>
        <iso_code>JP</iso_code>
    </country>
    <country>
        <country_id>1110</country_id>
        <name>Jordan</name>
        <iso_code>JO</iso_code>
    </country>
    <country>
        <country_id>1111</country_id>
        <name>Kazakhstan</name>
        <iso_code>KZ</iso_code>
    </country>
    <country>
        <country_id>1112</country_id>
        <name>Kenya</name>
        <iso_code>KE</iso_code>
    </country>
    <country>
        <country_id>1113</country_id>
        <name>Kiribati</name>
        <iso_code>KI</iso_code>
    </country>
    <country>
        <country_id>1114</country_id>
        <name>Korea, Democratic People's Republic of</name>
        <iso_code>KP</iso_code>
    </country>
    <country>
        <country_id>1115</country_id>
        <name>Korea, Republic of</name>
        <iso_code>KR</iso_code>
    </country>
    <country>
        <country_id>1116</country_id>
        <name>Kuwait</name>
        <iso_code>KW</iso_code>
    </country>
    <country>
        <country_id>1117</country_id>
        <name>Kyrgyzstan</name>
        <iso_code>KG</iso_code>
    </country>
    <country>
        <country_id>1118</country_id>
        <name>Lao People's Democratic Republic</name>
        <iso_code>LA</iso_code>
    </country>
    <country>
        <country_id>1119</country_id>
        <name>Latvia</name>
        <iso_code>LV</iso_code>
    </country>
    <country>
        <country_id>1120</country_id>
        <name>Lebanon</name>
        <iso_code>LB</iso_code>
    </country>
    <country>
        <country_id>1121</country_id>
        <name>Lesotho</name>
        <iso_code>LS</iso_code>
    </country>
    <country>
        <country_id>1122</country_id>
        <name>Liberia</name>
        <iso_code>LR</iso_code>
    </country>
    <country>
        <country_id>1123</country_id>
        <name>Libyan Arab Jamahiriya</name>
        <iso_code>LY</iso_code>
    </country>
    <country>
        <country_id>1124</country_id>
        <name>Liechtenstein</name>
        <iso_code>LI</iso_code>
    </country>
    <country>
        <country_id>1125</country_id>
        <name>Lithuania</name>
        <iso_code>LT</iso_code>
    </country>
    <country>
        <country_id>1126</country_id>
        <name>Luxembourg</name>
        <iso_code>LU</iso_code>
    </country>
    <country>
        <country_id>1127</country_id>
        <name>Macao</name>
        <iso_code>MO</iso_code>
    </country>
    <country>
        <country_id>1128</country_id>
        <name>Macedonia, Republic of</name>
        <iso_code>MK</iso_code>
    </country>
    <country>
        <country_id>1129</country_id>
        <name>Madagascar</name>
        <iso_code>MG</iso_code>
    </country>
    <country>
        <country_id>1130</country_id>
        <name>Malawi</name>
        <iso_code>MW</iso_code>
    </country>
    <country>
        <country_id>1131</country_id>
        <name>Malaysia</name>
        <iso_code>MY</iso_code>
    </country>
    <country>
        <country_id>1132</country_id>
        <name>Maldives</name>
        <iso_code>MV</iso_code>
    </country>
    <country>
        <country_id>1133</country_id>
        <name>Mali</name>
        <iso_code>ML</iso_code>
    </country>
    <country>
        <country_id>1134</country_id>
        <name>Malta</name>
        <iso_code>MT</iso_code>
    </country>
    <country>
        <country_id>1135</country_id>
        <name>Marshall Islands</name>
        <iso_code>MH</iso_code>
    </country>
    <country>
        <country_id>1136</country_id>
        <name>Martinique</name>
        <iso_code>MQ</iso_code>
    </country>
    <country>
        <country_id>1137</country_id>
        <name>Mauritania</name>
        <iso_code>MR</iso_code>
    </country>
    <country>
        <country_id>1138</country_id>
        <name>Mauritius</name>
        <iso_code>MU</iso_code>
    </country>
    <country>
        <country_id>1139</country_id>
        <name>Mayotte</name>
        <iso_code>YT</iso_code>
    </country>
    <country>
        <country_id>1140</country_id>
        <name>Mexico</name>
        <iso_code>MX</iso_code>
    </country>
    <country>
        <country_id>1141</country_id>
        <name>Micronesia, Federated States of</name>
        <iso_code>FM</iso_code>
    </country>
    <country>
        <country_id>1142</country_id>
        <name>Moldova</name>
        <iso_code>MD</iso_code>
    </country>
    <country>
        <country_id>1143</country_id>
        <name>Monaco</name>
        <iso_code>MC</iso_code>
    </country>
    <country>
        <country_id>1144</country_id>
        <name>Mongolia</name>
        <iso_code>MN</iso_code>
    </country>
    <country>
        <country_id>1145</country_id>
        <name>Montserrat</name>
        <iso_code>MS</iso_code>
    </country>
    <country>
        <country_id>1146</country_id>
        <name>Morocco</name>
        <iso_code>MA</iso_code>
    </country>
    <country>
        <country_id>1147</country_id>
        <name>Mozambique</name>
        <iso_code>MZ</iso_code>
    </country>
    <country>
        <country_id>1148</country_id>
        <name>Namibia</name>
        <iso_code>NA</iso_code>
    </country>
    <country>
        <country_id>1149</country_id>
        <name>Nauru</name>
        <iso_code>NR</iso_code>
    </country>
    <country>
        <country_id>1150</country_id>
        <name>Nepal</name>
        <iso_code>NP</iso_code>
    </country>
    <country>
        <country_id>1151</country_id>
        <name>Netherlands Antilles</name>
        <iso_code>AN</iso_code>
    </country>
    <country>
        <country_id>1152</country_id>
        <name>Netherlands</name>
        <iso_code>NL</iso_code>
    </country>
    <country>
        <country_id>1153</country_id>
        <name>New Caledonia</name>
        <iso_code>NC</iso_code>
    </country>
    <country>
        <country_id>1154</country_id>
        <name>New Zealand</name>
        <iso_code>NZ</iso_code>
    </country>
    <country>
        <country_id>1155</country_id>
        <name>Nicaragua</name>
        <iso_code>NI</iso_code>
    </country>
    <country>
        <country_id>1156</country_id>
        <name>Niger</name>
        <iso_code>NE</iso_code>
    </country>
    <country>
        <country_id>1157</country_id>
        <name>Nigeria</name>
        <iso_code>NG</iso_code>
    </country>
    <country>
        <country_id>1158</country_id>
        <name>Niue</name>
        <iso_code>NU</iso_code>
    </country>
    <country>
        <country_id>1159</country_id>
        <name>Norfolk Island</name>
        <iso_code>NF</iso_code>
    </country>
    <country>
        <country_id>1160</country_id>
        <name>Northern Mariana Islands</name>
        <iso_code>MP</iso_code>
    </country>
    <country>
        <country_id>1161</country_id>
        <name>Norway</name>
        <iso_code>NO</iso_code>
    </country>
    <country>
        <country_id>1162</country_id>
        <name>Oman</name>
        <iso_code>OM</iso_code>
    </country>
    <country>
        <country_id>1163</country_id>
        <name>Pakistan</name>
        <iso_code>PK</iso_code>
    </country>
    <country>
        <country_id>1164</country_id>
        <name>Palau</name>
        <iso_code>PW</iso_code>
    </country>
    <country>
        <country_id>1165</country_id>
        <name>Palestinian Territory, Occupied</name>
        <iso_code>PS</iso_code>
    </country>
    <country>
        <country_id>1166</country_id>
        <name>Panama</name>
        <iso_code>PA</iso_code>
    </country>
    <country>
        <country_id>1167</country_id>
        <name>Papua New Guinea</name>
        <iso_code>PG</iso_code>
    </country>
    <country>
        <country_id>1168</country_id>
        <name>Paraguay</name>
        <iso_code>PY</iso_code>
    </country>
    <country>
        <country_id>1169</country_id>
        <name>Peru</name>
        <iso_code>PE</iso_code>
    </country>
    <country>
        <country_id>1170</country_id>
        <name>Philippines</name>
        <iso_code>PH</iso_code>
    </country>
    <country>
        <country_id>1171</country_id>
        <name>Pitcairn</name>
        <iso_code>PN</iso_code>
    </country>
    <country>
        <country_id>1172</country_id>
        <name>Poland</name>
        <iso_code>PL</iso_code>
    </country>
    <country>
        <country_id>1173</country_id>
        <name>Portugal</name>
        <iso_code>PT</iso_code>
    </country>
    <country>
        <country_id>1174</country_id>
        <name>Puerto Rico</name>
        <iso_code>PR</iso_code>
    </country>
    <country>
        <country_id>1175</country_id>
        <name>Qatar</name>
        <iso_code>QA</iso_code>
    </country>
    <country>
        <country_id>1176</country_id>
        <name>Romania</name>
        <iso_code>RO</iso_code>
    </country>
    <country>
        <country_id>1177</country_id>
        <name>Russian Federation</name>
        <iso_code>RU</iso_code>
    </country>
    <country>
        <country_id>1178</country_id>
        <name>Rwanda</name>
        <iso_code>RW</iso_code>
    </country>
    <country>
        <country_id>1179</country_id>
        <name>Reunion</name>
        <iso_code>RE</iso_code>
    </country>
    <country>
        <country_id>1180</country_id>
        <name>Saint Helena</name>
        <iso_code>SH</iso_code>
    </country>
    <country>
        <country_id>1181</country_id>
        <name>Saint Kitts and Nevis</name>
        <iso_code>KN</iso_code>
    </country>
    <country>
        <country_id>1182</country_id>
        <name>Saint Lucia</name>
        <iso_code>LC</iso_code>
    </country>
    <country>
        <country_id>1183</country_id>
        <name>Saint Pierre and Miquelon</name>
        <iso_code>PM</iso_code>
    </country>
    <country>
        <country_id>1184</country_id>
        <name>Saint Vincent and the Grenadines</name>
        <iso_code>VC</iso_code>
    </country>
    <country>
        <country_id>1185</country_id>
        <name>Samoa</name>
        <iso_code>WS</iso_code>
    </country>
    <country>
        <country_id>1186</country_id>
        <name>San Marino</name>
        <iso_code>SM</iso_code>
    </country>
    <country>
        <country_id>1187</country_id>
        <name>Saudi Arabia</name>
        <iso_code>SA</iso_code>
    </country>
    <country>
        <country_id>1188</country_id>
        <name>Senegal</name>
        <iso_code>SN</iso_code>
    </country>
    <country>
        <country_id>1189</country_id>
        <name>Seychelles</name>
        <iso_code>SC</iso_code>
    </country>
    <country>
        <country_id>1190</country_id>
        <name>Sierra Leone</name>
        <iso_code>SL</iso_code>
    </country>
    <country>
        <country_id>1191</country_id>
        <name>Singapore</name>
        <iso_code>SG</iso_code>
    </country>
    <country>
        <country_id>1192</country_id>
        <name>Slovakia</name>
        <iso_code>SK</iso_code>
    </country>
    <country>
        <country_id>1193</country_id>
        <name>Slovenia</name>
        <iso_code>SI</iso_code>
    </country>
    <country>
        <country_id>1194</country_id>
        <name>Solomon Islands</name>
        <iso_code>SB</iso_code>
    </country>
    <country>
        <country_id>1195</country_id>
        <name>Somalia</name>
        <iso_code>SO</iso_code>
    </country>
    <country>
        <country_id>1196</country_id>
        <name>South Africa</name>
        <iso_code>ZA</iso_code>
    </country>
    <country>
        <country_id>1197</country_id>
        <name>South Georgia and the South Sandwich Islands</name>
        <iso_code>GS</iso_code>
    </country>
    <country>
        <country_id>1198</country_id>
        <name>Spain</name>
        <iso_code>ES</iso_code>
    </country>
    <country>
        <country_id>1199</country_id>
        <name>Sri Lanka</name>
        <iso_code>LK</iso_code>
    </country>
    <country>
        <country_id>1200</country_id>
        <name>Sudan</name>
        <iso_code>SD</iso_code>
    </country>
    <country>
        <country_id>1201</country_id>
        <name>Suriname</name>
        <iso_code>SR</iso_code>
    </country>
    <country>
        <country_id>1202</country_id>
        <name>Svalbard and Jan Mayen</name>
        <iso_code>SJ</iso_code>
    </country>
    <country>
        <country_id>1203</country_id>
        <name>Swaziland</name>
        <iso_code>SZ</iso_code>
    </country>
    <country>
        <country_id>1204</country_id>
        <name>Sweden</name>
        <iso_code>SE</iso_code>
    </country>
    <country>
        <country_id>1205</country_id>
        <name>Switzerland</name>
        <iso_code>CH</iso_code>
    </country>
    <country>
        <country_id>1206</country_id>
        <name>Syrian Arab Republic</name>
        <iso_code>SY</iso_code>
    </country>
    <country>
        <country_id>1207</country_id>
        <name>Sao Tome and Principe</name>
        <iso_code>ST</iso_code>
    </country>
    <country>
        <country_id>1208</country_id>
        <name>Taiwan</name>
        <iso_code>TW</iso_code>
    </country>
    <country>
        <country_id>1209</country_id>
        <name>Tajikistan</name>
        <iso_code>TJ</iso_code>
    </country>
    <country>
        <country_id>1210</country_id>
        <name>Tanzania, United Republic of</name>
        <iso_code>TZ</iso_code>
    </country>
    <country>
        <country_id>1211</country_id>
        <name>Thailand</name>
        <iso_code>TH</iso_code>
    </country>
    <country>
        <country_id>1212</country_id>
        <name>Bahamas</name>
        <iso_code>BS</iso_code>
    </country>
    <country>
        <country_id>1213</country_id>
        <name>Gambia</name>
        <iso_code>GM</iso_code>
    </country>
    <country>
        <country_id>1214</country_id>
        <name>Togo</name>
        <iso_code>TG</iso_code>
    </country>
    <country>
        <country_id>1215</country_id>
        <name>Tokelau</name>
        <iso_code>TK</iso_code>
    </country>
    <country>
        <country_id>1216</country_id>
        <name>Tonga</name>
        <iso_code>TO</iso_code>
    </country>
    <country>
        <country_id>1217</country_id>
        <name>Trinidad and Tobago</name>
        <iso_code>TT</iso_code>
    </country>
    <country>
        <country_id>1218</country_id>
        <name>Tunisia</name>
        <iso_code>TN</iso_code>
    </country>
    <country>
        <country_id>1219</country_id>
        <name>Turkey</name>
        <iso_code>TR</iso_code>
    </country>
    <country>
        <country_id>1220</country_id>
        <name>Turkmenistan</name>
        <iso_code>TM</iso_code>
    </country>
    <country>
        <country_id>1221</country_id>
        <name>Turks and Caicos Islands</name>
        <iso_code>TC</iso_code>
    </country>
    <country>
        <country_id>1222</country_id>
        <name>Tuvalu</name>
        <iso_code>TV</iso_code>
    </country>
    <country>
        <country_id>1223</country_id>
        <name>Uganda</name>
        <iso_code>UG</iso_code>
    </country>
    <country>
        <country_id>1224</country_id>
        <name>Ukraine</name>
        <iso_code>UA</iso_code>
    </country>
    <country>
        <country_id>1225</country_id>
        <name>United Arab Emirates</name>
        <iso_code>AE</iso_code>
    </country>
    <country>
        <country_id>1226</country_id>
        <name>United Kingdom</name>
        <iso_code>GB</iso_code>
    </country>
    <country>
        <country_id>1227</country_id>
        <name>United States Minor Outlying Islands</name>
        <iso_code>UM</iso_code>
    </country>
    <country>
        <country_id>1228</country_id>
        <name>United States</name>
        <iso_code>US</iso_code>
    </country>
    <country>
        <country_id>1229</country_id>
        <name>Uruguay</name>
        <iso_code>UY</iso_code>
    </country>
    <country>
        <country_id>1230</country_id>
        <name>Uzbekistan</name>
        <iso_code>UZ</iso_code>
    </country>
    <country>
        <country_id>1231</country_id>
        <name>Vanuatu</name>
        <iso_code>VU</iso_code>
    </country>
    <country>
        <country_id>1232</country_id>
        <name>Venezuela</name>
        <iso_code>VE</iso_code>
    </country>
    <country>
        <country_id>1233</country_id>
        <name>Viet Nam</name>
        <iso_code>VN</iso_code>
    </country>
    <country>
        <country_id>1234</country_id>
        <name>Virgin Islands, U.S.</name>
        <iso_code>VI</iso_code>
    </country>
    <country>
        <country_id>1235</country_id>
        <name>Wallis and Futuna</name>
        <iso_code>WF</iso_code>
    </country>
    <country>
        <country_id>1236</country_id>
        <name>Western Sahara</name>
        <iso_code>EH</iso_code>
    </country>
    <country>
        <country_id>1237</country_id>
        <name>Yemen</name>
        <iso_code>YE</iso_code>
    </country>
    <country>
        <country_id>1238</country_id>
        <name>Serbia and Montenegro</name>
        <iso_code>CS</iso_code>
    </country>
    <country>
        <country_id>1239</country_id>
        <name>Zambia</name>
        <iso_code>ZM</iso_code>
    </country>
    <country>
        <country_id>1240</country_id>
        <name>Zimbabwe</name>
        <iso_code>ZW</iso_code>
    </country>
    <country>
        <country_id>1241</country_id>
        <name>Åland Islands</name>
        <iso_code>AX</iso_code>
    </country>
    <country>
        <country_id>1242</country_id>
        <name>Serbia</name>
        <iso_code>RS</iso_code>
    </country>
    <country>
        <country_id>1243</country_id>
        <name>Montenegro</name>
        <iso_code>ME</iso_code>
    </country>
    <country>
        <country_id>1244</country_id>
        <name>Jersey</name>
        <iso_code>JE</iso_code>
    </country>
    <country>
        <country_id>1245</country_id>
        <name>Guernsey</name>
        <iso_code>GG</iso_code>
    </country>
    <country>
        <country_id>1246</country_id>
        <name>Isle of Man</name>
        <iso_code>IM</iso_code>
    </country>
</database>
